{
	"system" : {
		"platform" : "linux64",
		"os_name" : "CentOS Linux",
		"os_version" : ""
	},
	"error" : {
		"error_message" : "Segment Violation at 0x48",
		"source_file" : "unknown",
		"line" : "0",
		"stack_trace" : "\t0x7fedfe774135: db_hdb + 0x12a135 (_ZN10HDB_OPTION19absolute_resolutionEPK20HDB_OPTION_INTERFACE22ACF_VARIABLE_TYPE_ENUM17HDB_GEN_ENUM_FLAGINS0_20PROCESSING_FLAG_ENUMEjE + 0x35)\n\t0x7fedfe76cdd8: db_hdb + 0x122dd8 (_ZN10HDB_OPTION10get_optionEPK20HDB_OPTION_INTERFACE22ACF_VARIABLE_TYPE_ENUMb17HDB_GEN_ENUM_FLAGINS0_20PROCESSING_FLAG_ENUMEjE + 0x48)\n\t0x7fedfe76d1a9: db_hdb + 0x1231a9 (_ZN17HDB_STRING_OPTION17get_string_optionEP20HDB_OPTION_INTERFACE22ACF_VARIABLE_TYPE_ENUM + 0x49)\n\t0x7fee22642950: db_llu + 0x38950 (_ZN17LLU_IMPORT_EXPORT29llu_dbc_smart_get_curr_familyEv + 0x34)\n\t0x7fee226a46d4: db_llu + 0x9a6d4 (_ZN17LLU_IMPORT_EXPORT6importEPN11_Dinkum_std6vectorINS0_12basic_stringIcNS0_11char_traitsIcEE17MEM_STL_ALLOCATORIcEEES5_IS7_EEE + 0x7c)\n\t0x7fed989d8220: sys_mdb + 0x6f220 (_ZN25MDB_IMPORT_ASSIGNMENT_DLG5on_okEv + 0xbc8)\n\t0x7fed989d8545: sys_mdb + 0x6f545 (_ZN25MDB_IMPORT_ASSIGNMENT_DLG18qt_static_metacallEP7QObjectN11QMetaObject4CallEiPPv + 0x67)\n\t0x7fedf6e8308a: QtCore.so.4 + 0x1a208a (_ZN11QMetaObject8activateEP7QObjectPKS_iPPv + 0x30a)\n\t0x7fedf6e8308a: QtCore.so.4 + 0x1a208a (_ZN11QMetaObject8activateEP7QObjectPKS_iPPv + 0x30a)\n\t0x7fedf7a35ac2: QtGui.so.4 + 0x86cac2 (_ZN15QAbstractButton7clickedEb + 0x32)\n\t0x7fedf777754b: QtGui.so.4 + 0x5ae54b\n\t0x7fedf7778b1b: QtGui.so.4 + 0x5afb1b\n\t0x7fedf7778d8c: QtGui.so.4 + 0x5afd8c (_ZN15QAbstractButton17mouseReleaseEventEP11QMouseEvent + 0x8c)\n\t0x7fedf7418570: QtGui.so.4 + 0x24f570 (_ZN7QWidget5eventEP6QEvent + 0x6a0)\n\t0x7fedf73c6924: QtGui.so.4 + 0x1fd924 (_ZN19QApplicationPrivate13notify_helperEP7QObjectP6QEvent + 0xb4)\n\t0x7fedf73cbd02: QtGui.so.4 + 0x202d02 (_ZN12QApplication6notifyEP7QObjectP6QEvent + 0x952)\n\t0x7fedf6e6c27c: QtCore.so.4 + 0x18b27c (_ZN16QCoreApplication14notifyInternalEP7QObjectP6QEvent + 0x8c)\n\t0x7fedf73c7925: QtGui.so.4 + 0x1fe925 (_ZN19QApplicationPrivate14sendMouseEventEP7QWidgetP11QMouseEventS1_S1_PS1_R8QPointerIS0_Eb + 0x135)\n\t0x7fedf74464f8: QtGui.so.4 + 0x27d4f8\n\t0x7fedf7444ba9: QtGui.so.4 + 0x27bba9 (_ZN12QApplication15x11ProcessEventEP7_XEvent + 0x939)\n\t0x7fedf746c7e4: QtGui.so.4 + 0x2a37e4\n\t0x7fedf6e6b062: QtCore.so.4 + 0x18a062 (_ZN10QEventLoop13processEventsE6QFlagsINS_17ProcessEventsFlagEE + 0x32)\n\t0x7fedf6e6b31d: QtCore.so.4 + 0x18a31d (_ZN10QEventLoop4execE6QFlagsINS_17ProcessEventsFlagEE + 0x14d)\n\t0x7fedf7875b2e: QtGui.so.4 + 0x6acb2e (_ZN7QDialog4execEv + 0xde)\n\t0x7fed989c481f: sys_mdb + 0x5b81f (_ZN25MDB_IMPORT_ASSIGNMENT_DLG4execEv + 0x11)\n\t0x7fed989d8d54: sys_mdb + 0x6fd54 (mdb_dyn_import_assignment_dlg + 0x1b)\n\t0x7fee25cd9bf0: sys_qui + 0x61bf0 (_ZN19QUI_ASSIGNMENT_MENU25import_assignments_actionEv + 0x82)\n\t0x7fee25d4105f: sys_qui + 0xc905f (_ZN19QUI_ASSIGNMENT_MENU18qt_static_metacallEP7QObjectN11QMetaObject4CallEiPPv + 0xc3)\n\t0x7fedf6e8308a: QtCore.so.4 + 0x1a208a (_ZN11QMetaObject8activateEP7QObjectPKS_iPPv + 0x30a)\n\t0x7fedf73c0362: QtGui.so.4 + 0x1f7362 (_ZN7QAction9triggeredEb + 0x32)\n\t0x7fedf73c055a: QtGui.so.4 + 0x1f755a (_ZN7QAction8activateENS_11ActionEventE + 0x7a)\n\t0x7fedf77f5313: QtGui.so.4 + 0x62c313\n\t0x7fedf77fb84a: QtGui.so.4 + 0x63284a\n\t0x7fedf7418570: QtGui.so.4 + 0x24f570 (_ZN7QWidget5eventEP6QEvent + 0x6a0)\n\t0x7fedf77fca9b: QtGui.so.4 + 0x633a9b (_ZN5QMenu5eventEP6QEvent + 0x6b)\n\t0x7fedf73c6924: QtGui.so.4 + 0x1fd924 (_ZN19QApplicationPrivate13notify_helperEP7QObjectP6QEvent + 0xb4)\n\t0x7fedf73cbd02: QtGui.so.4 + 0x202d02 (_ZN12QApplication6notifyEP7QObjectP6QEvent + 0x952)\n\t0x7fedf6e6c27c: QtCore.so.4 + 0x18b27c (_ZN16QCoreApplication14notifyInternalEP7QObjectP6QEvent + 0x8c)\n\t0x7fedf73c7925: QtGui.so.4 + 0x1fe925 (_ZN19QApplicationPrivate14sendMouseEventEP7QWidgetP11QMouseEventS1_S1_PS1_R8QPointerIS0_Eb + 0x135)\n\t0x7fedf7446754: QtGui.so.4 + 0x27d754\n\t0x7fedf7444ba9: QtGui.so.4 + 0x27bba9 (_ZN12QApplication15x11ProcessEventEP7_XEvent + 0x939)\n\t0x7fedf746c7e4: QtGui.so.4 + 0x2a37e4\n\t0x7fedf6e6b062: QtCore.so.4 + 0x18a062 (_ZN10QEventLoop13processEventsE6QFlagsINS_17ProcessEventsFlagEE + 0x32)\n\t0x7fedf6e6b31d: QtCore.so.4 + 0x18a31d (_ZN10QEventLoop4execE6QFlagsINS_17ProcessEventsFlagEE + 0x14d)\n\t0x7fedf6e6fd4b: QtCore.so.4 + 0x18ed4b (_ZN16QCoreApplication4execEv + 0xbb)\n\t   0x408421: quartus + 0x8421 (_Z8qgq_mainiPPKc + 0x6d)\n\t0x7fedfba792c2: ccl_msg + 0x3f2c2 (_Z15msg_main_threadPv + 0x10)\n\t0x7fedf8b096fc: ccl_thr + 0x76fc (thr_final_wrapper + 0xc)\n\t0x7fedfba79ef3: ccl_msg + 0x3fef3 (_Z18msg_thread_wrapperPFPvS_ES_ + 0x5b)\n\t   0x41a4fe: quartus + 0x1a4fe (_Z18mem_thread_wrapperPFPvS_ES_ + 0xbe)\n\t0x7fedf9162498: ccl_err + 0xc498 (_Z18err_thread_wrapperPFPvS_ES_ + 0x27)\n\t0x7fedf8b09adc: ccl_thr + 0x7adc (thr_thread_wrapper + 0x15)\n\t0x7fedfba9df1b: ccl_msg + 0x63f1b (_Z12msg_exe_mainiPPKcPFiiS1_E + 0x99)\n\t   0x4084e5: quartus + 0x84e5 (main + 0x2e)\n\t0x7fedf17e6555: c.so.6 + 0x22555 (__libc_start_main + 0xf5)\n\t   0x4082f9: quartus + 0x82f9\n",
		"subsystem" : "unknown",
		"executable" : "quartus",
		"comment" : "none"
	},
	"quartus" : {
		"quartus_bits" : "64",
		"version" : "14.0.2",
		"build" : "209",
		"edition" : "Full Version"
	}
}